user_id,name,email,signup_date
0,Danielle Johnson,danielle.johnson@gmail.com,2024-09-27
1,Jeffery Wagner,jeffery.wagner@icloud.com,2024-07-26
2,Amy Robinson,amy.robinson@outlook.com,2023-04-12
3,Linda Wolfe,linda.wolfe@gmail.com,2025-03-07
4,Matthew Davis,matthew.davis@hotmail.com,2024-06-22
5,Lindsay Blair,lindsay.blair@yahoo.com,2024-01-09
6,Janet Williams,janet.williams@icloud.com,2023-06-05
7,Mitchell Clark,mitchell.clark@msn.com,2024-07-24
8,Chelsea Jackson,chelsea.jackson@live.com,2024-01-10
9,Veronica Bowman,veronica.bowman@msn.com,2024-12-14
10,Kimberly Perez,kimberly.perez@protonmail.com,2023-10-20
11,Jason Hahn,jason.hahn@protonmail.com,2024-07-30
12,Randall Rocha,randall.rocha@protonmail.com,2023-10-05
13,Jeffrey Bright,jeffrey.bright@hotmail.com,2023-05-12
14,Daniel Burton,daniel.burton@protonmail.com,2023-05-24
15,Patrick Ferrell,patrick.ferrell@protonmail.com,2024-12-27
16,Alexander Le,alexander.le@icloud.com,2023-10-20
17,Danielle Rodriguez,danielle.rodriguez@comcast.net,2025-03-05
18,Nancy Baker,nancy.baker@icloud.com,2025-02-03
19,Monica Evans,monica.evans@icloud.com,2023-07-28
20,Kathryn Ryan,kathryn.ryan@hotmail.com,2023-04-08
21,Kyle Brown,kyle.brown@live.com,2023-06-09
22,Todd Jones,todd.jones@outlook.com,2023-07-10
23,Thomas Pierce,thomas.pierce@outlook.com,2024-02-11
24,Wanda Santos,wanda.santos@hotmail.com,2023-07-05
25,Jeffrey Morgan,jeffrey.morgan@outlook.com,2023-09-15
26,Chad Welch,chad.welch@protonmail.com,2024-12-26
27,Chad Young,chad.young@protonmail.com,2023-07-13
28,Selena Duncan,selena.duncan@icloud.com,2024-11-18
29,Jessica Nunez,jessica.nunez@gmail.com,2024-01-27
30,Matthew Hensley,matthew.hensley@comcast.net,2024-02-29
31,Robert Ramirez,robert.ramirez@outlook.com,2024-02-25
32,Tanya House,tanya.house@protonmail.com,2024-03-28
33,Jason Morales,jason.morales@protonmail.com,2025-03-28
34,Joseph Bowers,joseph.bowers@comcast.net,2025-03-07
35,Tanya Riley,tanya.riley@protonmail.com,2023-05-19
36,Breanna Shaw,breanna.shaw@icloud.com,2025-03-10
37,Christopher Lopez,christopher.lopez@yahoo.com,2023-09-26
38,David Zamora,david.zamora@outlook.com,2024-07-03
39,Robert Silva,robert.silva@yahoo.com,2023-09-04
40,Jennifer Allen,jennifer.allen@icloud.com,2023-11-13
41,Leslie Walton,leslie.walton@yahoo.com,2025-04-06
42,Wendy Jones,wendy.jones@hotmail.com,2025-02-18
43,Nicole Suarez,nicole.suarez@msn.com,2024-12-07
44,Jade Carr,jade.carr@gmail.com,2023-04-13
45,Darrell Rodriguez,darrell.rodriguez@yahoo.com,2024-06-23
46,Jennifer Harris,jennifer.harris@hotmail.com,2024-03-30
47,Rebecca Mathis,rebecca.mathis@icloud.com,2023-10-27
48,Adam Wise,adam.wise@live.com,2024-09-30
49,Andrea Patterson,andrea.patterson@icloud.com,2025-01-12
50,Rebecca Gardner,rebecca.gardner@msn.com,2023-07-25
51,David Parker,david.parker@outlook.com,2024-12-27
52,Rachel Clark,rachel.clark@hotmail.com,2024-10-29
53,Nicole Russell,nicole.russell@hotmail.com,2025-02-15
54,Michelle Cherry,michelle.cherry@icloud.com,2023-04-26
55,Jill Cook,jill.cook@comcast.net,2024-12-29
56,Lisa Adams,lisa.adams@outlook.com,2025-01-04
57,Michele Walker,michele.walker@msn.com,2023-11-17
58,Michelle Rasmussen,michelle.rasmussen@aol.com,2024-01-25
59,Tina Herrera,tina.herrera@protonmail.com,2025-03-17
60,Jessica Edwards,jessica.edwards@live.com,2024-01-14
61,Barbara Scott,barbara.scott@outlook.com,2025-02-12
62,Amanda Ball,amanda.ball@yahoo.com,2023-12-30
63,Chad Beck,chad.beck@comcast.net,2024-12-17
64,Jennifer Evans,jennifer.evans@msn.com,2024-01-27
65,Kenneth Martinez,kenneth.martinez@protonmail.com,2024-08-15
66,Raven Gilbert,raven.gilbert@live.com,2023-04-08
67,Justin Jordan,justin.jordan@outlook.com,2024-03-12
68,Scott Lewis,scott.lewis@outlook.com,2024-11-09
69,Gene Miller,gene.miller@live.com,2023-12-09
70,Loretta Potter,loretta.potter@gmail.com,2023-08-31
71,Andrew Sanchez,andrew.sanchez@outlook.com,2023-05-31
72,Robert Soto,robert.soto@comcast.net,2024-04-03
73,John Douglas,john.douglas@live.com,2024-10-21
74,Daniel Coleman,daniel.coleman@protonmail.com,2024-04-20
75,Elizabeth Travis,elizabeth.travis@hotmail.com,2025-01-18
76,Cheyenne Ball,cheyenne.ball@live.com,2024-05-12
77,Phyllis Manning,phyllis.manning@msn.com,2023-10-05
78,Chris Mitchell,chris.mitchell@protonmail.com,2024-05-06
79,Devon Hall,devon.hall@comcast.net,2023-05-24
80,Rebecca Silva,rebecca.silva@comcast.net,2024-10-18
81,Omar Smith,omar.smith@gmail.com,2024-12-21
82,Stephanie Barnes,stephanie.barnes@yahoo.com,2024-06-21
83,Jeffrey Robinson,jeffrey.robinson@live.com,2023-12-09
84,Erin Powell,erin.powell@live.com,2023-07-10
85,Cindy Johnson,cindy.johnson@msn.com,2023-04-27
86,Dawn Taylor,dawn.taylor@msn.com,2024-01-10
87,Mrs. Erica Mcclain,erica.mcclain@icloud.com,2023-04-29
88,Andrea Calderon Lee,andrea.calderon@outlook.com,2024-06-03
89,Anna Baker Lee,anna.baker@hotmail.com,2024-01-24
90,Mario Smith-Brown,mario.smith@aol.com,2024-12-05
91,Jason Ryan Brown,jason.ryan@comcast.net,2023-11-21
92,James Davis-Smith,james.davis@outlook.com,2024-03-14
93,Michelle Pierce White,michelle.pierce@icloud.com,2024-12-09
94,Wendy Peters White,wendy.peters@msn.com,2023-11-10
95,Lisa Evans-Lee,lisa.evans@msn.com,2023-07-15
96,Laura Perez White,laura.perez@live.com,2023-12-03
97,Gregory Estes White,gregory.estes@gmail.com,2024-02-19
98,Brent Wright White,brent.wright@msn.com,2024-11-13
99,Ms. Dana Cannon,dana.cannon@outlook.com,2023-10-25
100,Rick Daniels-Brown,rick.daniels@outlook.com,2024-02-09
101,Jesse Garcia III,jesse.garcia@icloud.com,2023-12-30
